<?xml version="1.0" encoding="UTF-8"?>
<project-private xmlns="http://www.netbeans.org/ns/project-private/1">
    <editor-bookmarks xmlns="http://www.netbeans.org/ns/editor-bookmarks/2" lastBookmarkId="0"/>
    <open-files xmlns="http://www.netbeans.org/ns/projectui-open-files/2">
        <group>
            <file>file:/home/d3cartel/NetBeansProjects/BankSystem/src/BankSystem/SavingsLogin.java</file>
            <file>file:/home/d3cartel/NetBeansProjects/BankSystem/src/BankSystem/BankSystemHome.java</file>
            <file>file:/home/d3cartel/NetBeansProjects/BankSystem/src/BankSystem/CurrentLogin.java</file>
            <file>file:/home/d3cartel/NetBeansProjects/BankSystem/src/BankSystem/FixedLogin.java</file>
            <file>file:/home/d3cartel/NetBeansProjects/BankSystem/src/BankSystem/BusinessLogin.java</file>
        </group>
    </open-files>
</project-private>
